{"cameraMode":{"drawMode":0,"name":"Shaded","section":"Shading Mode"},"sceneLighting":true,"audioPlay":false,"sceneViewState":{"showFog":true,"showMaterialUpdate":false,"showSkybox":true,"showFlares":true,"showImageEffects":true,"showParticleSystems":true},"in2DMode":false,"pivot":{"x":324.4052429199219,"y":-82.50060272216797,"z":56.27812957763672},"rotation":{"x":0.0961386188864708,"y":0.6311467289924622,"z":-0.079092837870121,"w":0.7656894326210022},"size":171.98387145996095,"orthographic":false}